Designator;Center-X(mm);Center-Y(mm);Layer;Rotation
BOOT;49.9460;19.7640;TopLayer;180
C1;59.4000;38.2750;TopLayer;0
C2;54.2500;30.1500;TopLayer;90
C3;49.9500;26.5800;TopLayer;270
C4;52.1000;26.5800;TopLayer;270
C5;49.9500;30.1500;TopLayer;270
C6;64.3500;57.0000;BottomLayer;270
C7;61.3000;57.0000;BottomLayer;270
C8;58.2500;57.0000;BottomLayer;270
C9;55.2000;57.0000;BottomLayer;270
C10;42.5500;37.7500;TopLayer;180
C11;42.5500;35.6000;TopLayer;180
C12;42.5500;33.4500;TopLayer;180
C15;16.3500;7.7000;TopLayer;180
C16;24.0000;7.7000;TopLayer;180
C17;52.1500;57.0000;BottomLayer;270
C18;49.1000;57.0000;BottomLayer;270
C19;46.0500;57.0000;BottomLayer;270
C20;43.0000;57.0000;BottomLayer;270
C21;42.5500;42.3501;TopLayer;180
C24;24.6250;66.2000;BottomLayer;180
C25;24.6293;66.2000;TopLayer;180
C26;59.1500;34.2500;TopLayer;180
C27;42.3520;28.1500;BottomLayer;0
C28;59.1500;31.9500;BottomLayer;180
C29;59.1500;29.6500;BottomLayer;180
C30;19.2960;66.2000;TopLayer;0
C31;29.9627;66.2000;TopLayer;0
C32;60.8500;78.8000;BottomLayer;270
C33;35.2960;45.0333;TopLayer;180
C34;19.2960;48.9167;TopLayer;0
C35;59.5750;38.2750;BottomLayer;180
C36;27.2960;52.8000;TopLayer;0
C37;71.4000;80.2000;BottomLayer;180
C38;47.9750;68.6500;BottomLayer;90
C39;42.6250;68.5750;BottomLayer;270
C40;17.6750;45.0250;BottomLayer;0
D1;57.9000;78.8000;BottomLayer;90
D2;42.3520;30.5500;BottomLayer;180
D3;59.1500;27.3500;BottomLayer;0
D4;27.2980;71.6620;TopLayer;180
F1;19.2960;71.7890;TopLayer;0
IC1;54.0525;76.4000;TopLayer;270
IC2;53.9525;68.6000;TopLayer;270
IC3;50.7500;38.3500;TopLayer;90
IC4;27.2960;60.1140;TopLayer;270
IC5;51.4050;49.6000;TopLayer;270
IC6;45.3000;68.6000;TopLayer;90
IC7;27.2380;36.9200;TopLayer;180
IC8;27.2380;30.8600;TopLayer;180
IC9;27.1193;45.5570;TopLayer;180
IC10;27.2380;24.8000;TopLayer;180
IO2;64.2500;50.6000;TopLayer;180
IO12;64.2500;46.9500;TopLayer;90
IO27;64.2500;43.3000;TopLayer;90
J1;68.9780;79.7875;TopLayer;180
J2;51.8000;9.6000;TopLayer;90
J3;9.8500;69.9500;TopLayer;0
J4;30.8450;79.3800;TopLayer;180
J5;9.8500;34.0500;TopLayer;0
J6;75.1000;42.3000;TopLayer;180
L1;52.1000;30.1500;TopLayer;90
L2;20.1750;7.7000;TopLayer;0
L3;19.2960;60.1950;TopLayer;90
L4;35.2960;60.1140;TopLayer;270
MISO;73.6260;70.0000;TopLayer;90
MOSI;69.2260;70.0000;TopLayer;90
ON;64.2500;19.7000;TopLayer;0
PRO-OB-1;17.1500;3.1850;TopLayer;180
Q1;19.2960;36.7300;TopLayer;180
Q2;19.2960;30.6700;TopLayer;180
Q3;19.2960;24.6100;TopLayer;180
R1;64.3500;62.1500;TopLayer;90
R2;61.3000;62.1500;TopLayer;90
R3;58.2500;62.1500;TopLayer;90
R4;55.2000;62.1500;TopLayer;90
R5;64.3500;57.0000;TopLayer;90
R6;61.3000;57.0000;TopLayer;90
R7;58.2500;57.0000;TopLayer;90
R8;55.2000;57.0000;TopLayer;90
R9;47.3250;78.7233;BottomLayer;90
R10;52.1500;62.1500;TopLayer;90
R11;49.1000;62.1500;TopLayer;90
R12;46.0500;62.1500;TopLayer;90
R13;43.0000;62.1500;TopLayer;90
R14;51.2750;68.6500;BottomLayer;90
R15;52.1500;57.0000;TopLayer;90
R16;49.1000;57.0000;TopLayer;90
R17;46.0500;57.0000;TopLayer;90
R18;43.0000;57.0000;TopLayer;90
R19;47.3250;73.7500;BottomLayer;270
R20;56.5500;68.6000;BottomLayer;90
R21;50.2750;73.7500;BottomLayer;90
R22;50.2750;78.7233;BottomLayer;90
R23;62.6500;36.3500;TopLayer;180
R24;38.8500;30.5500;TopLayer;180
R25;62.6500;31.9500;TopLayer;0
R26;59.1500;27.3500;TopLayer;180
R27;62.6500;34.2500;TopLayer;0
R28;42.3500;30.5500;TopLayer;180
R29;59.1500;31.9500;TopLayer;0
R30;59.1500;29.6500;TopLayer;0
R31;38.8500;28.1500;TopLayer;0
R32;62.6500;29.6500;TopLayer;180
R33;58.9500;19.7000;BottomLayer;0
R34;49.9500;19.7250;BottomLayer;0
R35;35.3000;66.2000;BottomLayer;0
R36;35.2750;52.8000;BottomLayer;0
R37;35.2960;52.8000;TopLayer;180
R38;35.3000;71.6750;BottomLayer;0
R39;19.3000;52.8000;BottomLayer;180
R40;19.2960;52.8000;TopLayer;0
R41;43.0500;19.7500;BottomLayer;0
R42;64.2500;19.7000;BottomLayer;0
R43;17.6750;36.7300;BottomLayer;0
R44;17.6750;39.1280;BottomLayer;0
R45;19.2960;41.1500;TopLayer;180
R46;19.2960;45.0333;TopLayer;0
R47;35.2960;41.1500;TopLayer;0
R48;35.2960;48.9167;TopLayer;0
R49;17.6750;30.6700;BottomLayer;0
R50;17.6750;33.0680;BottomLayer;0
R51;17.6750;24.6100;BottomLayer;0
R52;17.6750;27.0080;BottomLayer;0
R53;32.2500;30.2000;BottomLayer;0
R54;32.2500;36.2750;BottomLayer;0
R55;32.2500;24.1500;BottomLayer;0
RESET;43.0730;19.7640;TopLayer;180
SCLK;71.4260;70.0000;TopLayer;90
START;58.9500;19.7640;TopLayer;180
SV1;4.0125;85.0000;TopLayer;0
SV2;81.0125;85.0000;TopLayer;0
SV3;4.0125;4.0000;TopLayer;0
SV4;81.0125;4.0000;TopLayer;0
USB1;54.3025;84.7625;TopLayer;180
3V3;35.2960;66.2027;TopLayer;0
5V;35.2960;71.6647;TopLayer;0
